Unnamed: 0,game_str,play_id,at_bat,play_per_game,timestamp,player_position,event_code
281,1902_01_TeamMG_TeamA3,74,19.0,74,2210493,1,1
282,1902_01_TeamMG_TeamA3,74,19.0,74,2210993,2,2
283,1902_01_TeamMG_TeamA3,74,19.0,74,2211693,2,3
284,1902_01_TeamMG_TeamA3,74,19.0,74,2212943,6,9
285,1902_01_TeamMG_TeamA3,74,19.0,74,2214043,0,5
715,1902_01_TeamMG_TeamA3,186,46.0,186,5893543,1,1
716,1902_01_TeamMG_TeamA3,186,46.0,186,5894043,255,16
717,1902_01_TeamMG_TeamA3,186,46.0,186,5894293,255,16
718,1902_01_TeamMG_TeamA3,186,46.0,186,5895793,2,2
719,1902_01_TeamMG_TeamA3,186,46.0,186,5896443,2,3
720,1902_01_TeamMG_TeamA3,186,46.0,186,5897193,255,16
721,1902_01_TeamMG_TeamA3,186,46.0,186,5897293,5,9
722,1902_01_TeamMG_TeamA3,186,46.0,186,5898443,0,5
462,1902_03_TeamMG_TeamA3,117,33.0,117,3825946,1,1
463,1902_03_TeamMG_TeamA3,117,33.0,117,3826446,2,2
464,1902_03_TeamMG_TeamA3,117,33.0,117,3827096,2,3
465,1902_03_TeamMG_TeamA3,117,33.0,117,3828246,4,2
466,1902_03_TeamMG_TeamA3,117,33.0,117,3828996,0,5
1091,1902_03_TeamMG_TeamA3,271,71.0,271,9733646,1,1
1092,1902_03_TeamMG_TeamA3,271,71.0,271,9734096,255,16
1093,1902_03_TeamMG_TeamA3,271,71.0,271,9736246,2,2
1094,1902_03_TeamMG_TeamA3,271,71.0,271,9737296,2,3
1095,1902_03_TeamMG_TeamA3,271,71.0,271,9737896,255,16
1096,1902_03_TeamMG_TeamA3,271,71.0,271,9738496,255,16
1097,1902_03_TeamMG_TeamA3,271,71.0,271,9738896,255,16
1098,1902_03_TeamMG_TeamA3,271,71.0,271,9739296,255,16
1099,1902_03_TeamMG_TeamA3,271,71.0,271,9739546,255,16
1100,1902_03_TeamMG_TeamA3,271,71.0,271,9739796,255,16
1101,1902_03_TeamMG_TeamA3,271,71.0,271,9740046,255,16
1102,1902_03_TeamMG_TeamA3,271,71.0,271,9740546,4,2
1103,1902_03_TeamMG_TeamA3,271,71.0,271,9741096,4,3
1104,1902_03_TeamMG_TeamA3,271,71.0,271,9742196,1,2
1105,1902_03_TeamMG_TeamA3,271,71.0,271,9743146,0,5
72,1902_05_TeamML_TeamB,17,5.0,17,477129,1,1
73,1902_05_TeamML_TeamB,17,5.0,17,477629,2,2
74,1902_05_TeamML_TeamB,17,5.0,17,478429,2,3
75,1902_05_TeamML_TeamB,17,5.0,17,480179,255,16
76,1902_05_TeamML_TeamB,17,5.0,17,480929,255,16
77,1902_05_TeamML_TeamB,17,5.0,17,481429,255,16
78,1902_05_TeamML_TeamB,17,5.0,17,481829,255,16
79,1902_05_TeamML_TeamB,17,5.0,17,481929,8,2
80,1902_05_TeamML_TeamB,17,5.0,17,483179,8,3
81,1902_05_TeamML_TeamB,17,5.0,17,484579,6,2
82,1902_05_TeamML_TeamB,17,5.0,17,484579,0,5
43,1902_08_TeamMJ_TeamB,12,3.0,12,283044,1,1
44,1902_08_TeamMJ_TeamB,12,3.0,12,283494,2,2
45,1902_08_TeamMJ_TeamB,12,3.0,12,284144,2,3
46,1902_08_TeamMJ_TeamB,12,3.0,12,285444,6,2
47,1902_08_TeamMJ_TeamB,12,3.0,12,285944,0,5
310,1902_08_TeamMJ_TeamB,80,21.0,80,2885344,1,1
311,1902_08_TeamMJ_TeamB,80,21.0,80,2885844,2,2
312,1902_08_TeamMJ_TeamB,80,21.0,80,2886494,2,3
313,1902_08_TeamMJ_TeamB,80,21.0,80,2887744,4,2
314,1902_08_TeamMJ_TeamB,80,21.0,80,2888444,0,5
395,1902_08_TeamMJ_TeamB,103,26.0,103,3770444,1,1
396,1902_08_TeamMJ_TeamB,103,26.0,103,3770894,2,2
397,1902_08_TeamMJ_TeamB,103,26.0,103,3771494,2,3
398,1902_08_TeamMJ_TeamB,103,26.0,103,3772844,6,2
399,1902_08_TeamMJ_TeamB,103,26.0,103,3773644,0,5
648,1902_08_TeamMJ_TeamB,169,43.0,169,6558644,1,1
649,1902_08_TeamMJ_TeamB,169,43.0,169,6559094,2,2
650,1902_08_TeamMJ_TeamB,169,43.0,169,6559744,2,3
651,1902_08_TeamMJ_TeamB,169,43.0,169,6560994,6,9
652,1902_08_TeamMJ_TeamB,169,43.0,169,6561494,255,16
653,1902_08_TeamMJ_TeamB,169,43.0,169,6562194,255,16
654,1902_08_TeamMJ_TeamB,169,43.0,169,6563344,4,2
655,1902_08_TeamMJ_TeamB,169,43.0,169,6564644,4,3
656,1902_08_TeamMJ_TeamB,169,43.0,169,6565544,6,2
657,1902_08_TeamMJ_TeamB,169,43.0,169,6565744,0,5
848,1902_08_TeamMJ_TeamB,222,56.0,222,8460894,1,1
849,1902_08_TeamMJ_TeamB,222,56.0,222,8461444,2,2
850,1902_08_TeamMJ_TeamB,222,56.0,222,8462144,2,3
851,1902_08_TeamMJ_TeamB,222,56.0,222,8463344,4,2
852,1902_08_TeamMJ_TeamB,222,56.0,222,8464394,0,5
931,1902_09_TeamMJ_TeamB,252,70.0,252,9346655,1,1
932,1902_09_TeamMJ_TeamB,252,70.0,252,9347155,2,2
933,1902_09_TeamMJ_TeamB,252,70.0,252,9347905,2,3
934,1902_09_TeamMJ_TeamB,252,70.0,252,9349105,4,9
935,1902_09_TeamMJ_TeamB,252,70.0,252,9353405,8,2
936,1902_09_TeamMJ_TeamB,252,70.0,252,9354705,0,5
979,1902_09_TeamMJ_TeamB,264,71.0,264,9832205,1,1
980,1902_09_TeamMJ_TeamB,264,71.0,264,9832805,2,2
981,1902_09_TeamMJ_TeamB,264,71.0,264,9833555,2,3
982,1902_09_TeamMJ_TeamB,264,71.0,264,9834805,255,16
983,1902_09_TeamMJ_TeamB,264,71.0,264,9835505,255,16
984,1902_09_TeamMJ_TeamB,264,71.0,264,9836055,255,16
985,1902_09_TeamMJ_TeamB,264,71.0,264,9836405,255,16
986,1902_09_TeamMJ_TeamB,264,71.0,264,9837005,8,2
987,1902_09_TeamMJ_TeamB,264,71.0,264,9838055,8,3
988,1902_09_TeamMJ_TeamB,264,71.0,264,9839205,255,16
989,1902_09_TeamMJ_TeamB,264,71.0,264,9839855,5,2
990,1902_09_TeamMJ_TeamB,264,71.0,264,9840305,0,5
1094,1902_09_TeamMJ_TeamB,296,80.0,296,11091405,1,1
1095,1902_09_TeamMJ_TeamB,296,80.0,296,11091955,2,2
1096,1902_09_TeamMJ_TeamB,296,80.0,296,11092755,2,3
1097,1902_09_TeamMJ_TeamB,296,80.0,296,11093955,4,2
1098,1902_09_TeamMJ_TeamB,296,80.0,296,11094355,0,5
766,1902_10_TeamMI_TeamA3,199,54.0,199,7130931,1,1
767,1902_10_TeamMI_TeamA3,199,54.0,199,7131431,2,2
768,1902_10_TeamMI_TeamA3,199,54.0,199,7132081,2,3
769,1902_10_TeamMI_TeamA3,199,54.0,199,7132981,255,16
770,1902_10_TeamMI_TeamA3,199,54.0,199,7133331,4,9
771,1902_10_TeamMI_TeamA3,199,54.0,199,7134931,4,2
772,1902_10_TeamMI_TeamA3,199,54.0,199,7135981,0,5
92,1902_11_TeamMI_TeamA3,25,6.0,25,745902,1,1
93,1902_11_TeamMI_TeamA3,25,6.0,25,746402,2,2
94,1902_11_TeamMI_TeamA3,25,6.0,25,747102,2,3
95,1902_11_TeamMI_TeamA3,25,6.0,25,748252,6,2
96,1902_11_TeamMI_TeamA3,25,6.0,25,748902,0,5
768,1902_11_TeamMI_TeamA3,205,48.0,205,6866702,1,1
769,1902_11_TeamMI_TeamA3,205,48.0,205,6867152,2,2
770,1902_11_TeamMI_TeamA3,205,48.0,205,6867852,2,3
771,1902_11_TeamMI_TeamA3,205,48.0,205,6868802,255,16
772,1902_11_TeamMI_TeamA3,205,48.0,205,6869102,6,2
773,1902_11_TeamMI_TeamA3,205,48.0,205,6869902,0,5
229,1902_12_TeamMI_TeamA3,61,17.0,61,1942204,1,1
230,1902_12_TeamMI_TeamA3,61,17.0,61,1942754,2,2
231,1902_12_TeamMI_TeamA3,61,17.0,61,1943454,2,3
232,1902_12_TeamMI_TeamA3,61,17.0,61,1944504,255,16
233,1902_12_TeamMI_TeamA3,61,17.0,61,1944654,4,2
234,1902_12_TeamMI_TeamA3,61,17.0,61,1946654,0,5
354,1902_13_TeamMD_TeamA2,86,28.0,86,3128130,1,1
355,1902_13_TeamMD_TeamA2,86,28.0,86,3128680,2,9
356,1902_13_TeamMD_TeamA2,86,28.0,86,3132530,2,2
357,1902_13_TeamMD_TeamA2,86,28.0,86,3133230,2,3
358,1902_13_TeamMD_TeamA2,86,28.0,86,3134580,4,2
359,1902_13_TeamMD_TeamA2,86,28.0,86,3134980,0,5
280,1902_13_TeamMK_TeamB,66,21.0,66,2384560,1,1
281,1902_13_TeamMK_TeamB,66,21.0,66,2385060,2,2
282,1902_13_TeamMK_TeamB,66,21.0,66,2385710,2,3
283,1902_13_TeamMK_TeamB,66,21.0,66,2387060,4,2
284,1902_13_TeamMK_TeamB,66,21.0,66,2387360,0,5
1201,1902_14_TeamMD_TeamA2,306,,306,10464065,1,1
1202,1902_14_TeamMD_TeamA2,306,,306,10464515,2,2
1203,1902_14_TeamMD_TeamA2,306,,306,10465065,2,3
1204,1902_14_TeamMD_TeamA2,306,,306,10466365,6,2
1205,1902_14_TeamMD_TeamA2,306,,306,10467565,0,5
1212,1902_14_TeamMD_TeamA2,309,86.0,309,10724015,1,1
1213,1902_14_TeamMD_TeamA2,309,86.0,309,10724515,255,16
1214,1902_14_TeamMD_TeamA2,309,86.0,309,10726365,2,2
1215,1902_14_TeamMD_TeamA2,309,86.0,309,10726965,2,3
1216,1902_14_TeamMD_TeamA2,309,86.0,309,10727665,5,2
1217,1902_14_TeamMD_TeamA2,309,86.0,309,10728515,0,5
182,1902_16_TeamMD_TeamA2,49,14.0,49,1565423,1,1
183,1902_16_TeamMD_TeamA2,49,14.0,49,1565923,2,2
184,1902_16_TeamMD_TeamA2,49,14.0,49,1566723,2,3
185,1902_16_TeamMD_TeamA2,49,14.0,49,1567873,6,2
186,1902_16_TeamMD_TeamA2,49,14.0,49,1568573,0,5
750,1902_16_TeamMD_TeamA2,198,52.0,198,6674266,1,1
751,1902_16_TeamMD_TeamA2,198,52.0,198,6674816,2,2
752,1902_16_TeamMD_TeamA2,198,52.0,198,6675566,2,3
753,1902_16_TeamMD_TeamA2,198,52.0,198,6676816,6,2
754,1902_16_TeamMD_TeamA2,198,52.0,198,6677366,0,5
177,1902_17_TeamMB_TeamA1,42,10.0,42,1389034,1,1
178,1902_17_TeamMB_TeamA1,42,10.0,42,1389584,2,9
179,1902_17_TeamMB_TeamA1,42,10.0,42,1390084,255,16
180,1902_17_TeamMB_TeamA1,42,10.0,42,1392484,2,2
181,1902_17_TeamMB_TeamA1,42,10.0,42,1393184,2,3
182,1902_17_TeamMB_TeamA1,42,10.0,42,1393784,3,2
183,1902_17_TeamMB_TeamA1,42,10.0,42,1394534,0,5
763,1902_17_TeamMB_TeamA1,184,50.0,185,6501318,1,1
764,1902_17_TeamMB_TeamA1,184,50.0,185,6501818,2,2
765,1902_17_TeamMB_TeamA1,184,50.0,185,6502518,2,3
766,1902_17_TeamMB_TeamA1,184,50.0,185,6503768,4,2
767,1902_17_TeamMB_TeamA1,184,50.0,185,6504618,0,5
745,1902_18_TeamMB_TeamA1,187,51.0,187,6778904,1,1
746,1902_18_TeamMB_TeamA1,187,51.0,187,6779454,2,2
747,1902_18_TeamMB_TeamA1,187,51.0,187,6780404,2,3
748,1902_18_TeamMB_TeamA1,187,51.0,187,6781604,6,2
749,1902_18_TeamMB_TeamA1,187,51.0,187,6782154,0,5
111,1902_19_TeamME_TeamA2,34,7.0,34,1002702,1,1
112,1902_19_TeamME_TeamA2,34,7.0,34,1003252,2,2
113,1902_19_TeamME_TeamA2,34,7.0,34,1004002,2,3
114,1902_19_TeamME_TeamA2,34,7.0,34,1005252,6,2
115,1902_19_TeamME_TeamA2,34,7.0,34,1006652,0,5
813,1902_20_TeamME_TeamA2,204,55.0,204,7669728,1,1
814,1902_20_TeamME_TeamA2,204,55.0,204,7670178,2,2
815,1902_20_TeamME_TeamA2,204,55.0,204,7670828,2,3
816,1902_20_TeamME_TeamA2,204,55.0,204,7672028,6,2
817,1902_20_TeamME_TeamA2,204,55.0,204,7674378,0,5
63,1902_21_TeamME_TeamA2,16,,16,372708,1,1
64,1902_21_TeamME_TeamA2,16,,16,373258,2,2
65,1902_21_TeamME_TeamA2,16,,16,374008,2,3
66,1902_21_TeamME_TeamA2,16,,16,375358,4,2
67,1902_21_TeamME_TeamA2,16,,16,375808,0,5
699,1902_21_TeamME_TeamA2,172,52.0,172,6122308,1,1
700,1902_21_TeamME_TeamA2,172,52.0,172,6122858,2,2
701,1902_21_TeamME_TeamA2,172,52.0,172,6123608,2,3
702,1902_21_TeamME_TeamA2,172,52.0,172,6124808,6,2
703,1902_21_TeamME_TeamA2,172,52.0,172,6125358,0,5
465,1902_22_TeamMA_TeamA1,117,33.0,117,4071190,1,1
466,1902_22_TeamMA_TeamA1,117,33.0,117,4071740,2,2
467,1902_22_TeamMA_TeamA1,117,33.0,117,4072490,2,3
468,1902_22_TeamMA_TeamA1,117,33.0,117,4073690,6,2
469,1902_22_TeamMA_TeamA1,117,33.0,117,4074640,0,5
296,1902_23_TeamMA_TeamA1,80,20.0,80,2460888,1,1
297,1902_23_TeamMA_TeamA1,80,20.0,80,2461388,2,2
298,1902_23_TeamMA_TeamA1,80,20.0,80,2462038,2,3
299,1902_23_TeamMA_TeamA1,80,20.0,80,2463238,6,2
300,1902_23_TeamMA_TeamA1,80,20.0,80,2464638,0,5
377,1902_23_TeamMA_TeamA1,99,26.0,99,3240038,1,1
378,1902_23_TeamMA_TeamA1,99,26.0,99,3240588,2,2
379,1902_23_TeamMA_TeamA1,99,26.0,99,3241388,2,3
380,1902_23_TeamMA_TeamA1,99,26.0,99,3242588,4,2
381,1902_23_TeamMA_TeamA1,99,26.0,99,3244138,0,5
886,1902_23_TeamMA_TeamA1,240,62.0,240,8675988,1,1
887,1902_23_TeamMA_TeamA1,240,62.0,240,8676488,2,2
888,1902_23_TeamMA_TeamA1,240,62.0,240,8676988,2,3
889,1902_23_TeamMA_TeamA1,240,62.0,240,8678388,4,2
890,1902_23_TeamMA_TeamA1,240,62.0,240,8680588,0,5
135,1902_24_TeamMA_TeamA1,34,8.0,34,923201,1,1
136,1902_24_TeamMA_TeamA1,34,8.0,34,923762,2,2
137,1902_24_TeamMA_TeamA1,34,8.0,34,924455,2,3
138,1902_24_TeamMA_TeamA1,34,8.0,34,925643,4,2
139,1902_24_TeamMA_TeamA1,34,8.0,34,925973,0,5
756,1902_24_TeamMA_TeamA1,198,49.0,198,6680672,1,1
757,1902_24_TeamMA_TeamA1,198,49.0,198,6681167,2,9
758,1902_24_TeamMA_TeamA1,198,49.0,198,6682619,2,2
759,1902_24_TeamMA_TeamA1,198,49.0,198,6683741,2,3
760,1902_24_TeamMA_TeamA1,198,49.0,198,6684764,6,2
761,1902_24_TeamMA_TeamA1,198,49.0,198,6685292,0,5
1304,1902_24_TeamMA_TeamA1,339,87.0,339,11797129,1,1
1305,1902_24_TeamMA_TeamA1,339,87.0,339,11797624,2,2
1306,1902_24_TeamMA_TeamA1,339,87.0,339,11798350,2,3
1307,1902_24_TeamMA_TeamA1,339,87.0,339,11799538,4,2
1308,1902_24_TeamMA_TeamA1,339,87.0,339,11800264,0,5
933,1902_26_TeamMC_TeamA1,241,65.0,241,8481177,1,1
934,1902_26_TeamMC_TeamA1,241,65.0,241,8481627,2,2
935,1902_26_TeamMC_TeamA1,241,65.0,241,8482327,2,3
936,1902_26_TeamMC_TeamA1,241,65.0,241,8483627,4,2
937,1902_26_TeamMC_TeamA1,241,65.0,241,8484827,0,5
301,1902_26_TeamMH_TeamA3,71,22.0,71,2312856,1,1
302,1902_26_TeamMH_TeamA3,71,22.0,71,2313306,2,2
303,1902_26_TeamMH_TeamA3,71,22.0,71,2314006,2,3
304,1902_26_TeamMH_TeamA3,71,22.0,71,2315256,6,2
305,1902_26_TeamMH_TeamA3,71,22.0,71,2316256,0,5
563,1902_26_TeamMH_TeamA3,135,37.0,135,4285756,1,1
564,1902_26_TeamMH_TeamA3,135,37.0,135,4286256,2,2
565,1902_26_TeamMH_TeamA3,135,37.0,135,4286856,2,3
566,1902_26_TeamMH_TeamA3,135,37.0,135,4288006,6,2
567,1902_26_TeamMH_TeamA3,135,37.0,135,4288506,0,5
804,1902_26_TeamMH_TeamA3,196,53.0,196,6512006,1,1
805,1902_26_TeamMH_TeamA3,196,53.0,196,6512506,2,2
806,1902_26_TeamMH_TeamA3,196,53.0,196,6513206,2,3
807,1902_26_TeamMH_TeamA3,196,53.0,196,6514356,6,2
808,1902_26_TeamMH_TeamA3,196,53.0,196,6515106,0,5
1119,1902_26_TeamMH_TeamA3,279,72.0,279,9557308,1,1
1120,1902_26_TeamMH_TeamA3,279,72.0,279,9557858,255,16
1121,1902_26_TeamMH_TeamA3,279,72.0,279,9560608,2,2
1122,1902_26_TeamMH_TeamA3,279,72.0,279,9561308,2,3
1123,1902_26_TeamMH_TeamA3,279,72.0,279,9562608,3,2
1124,1902_26_TeamMH_TeamA3,279,72.0,279,9564858,3,3
1125,1902_26_TeamMH_TeamA3,279,72.0,279,9565608,2,2
1126,1902_26_TeamMH_TeamA3,279,72.0,279,9567008,0,5
321,1902_27_TeamMH_TeamA3,88,22.0,88,3056772,1,1
322,1902_27_TeamMH_TeamA3,88,22.0,88,3057272,2,2
323,1902_27_TeamMH_TeamA3,88,22.0,88,3058072,2,3
324,1902_27_TeamMH_TeamA3,88,22.0,88,3059272,6,2
325,1902_27_TeamMH_TeamA3,88,22.0,88,3060472,0,5
512,1902_28_TeamMC_TeamA1,130,35.0,130,4675605,1,1
513,1902_28_TeamMC_TeamA1,130,35.0,130,4676105,2,2
514,1902_28_TeamMC_TeamA1,130,35.0,130,4676755,2,3
515,1902_28_TeamMC_TeamA1,130,35.0,130,4677505,255,16
516,1902_28_TeamMC_TeamA1,130,35.0,130,4677755,3,2
517,1902_28_TeamMC_TeamA1,130,35.0,130,4677905,0,5
580,1902_28_TeamMC_TeamA1,147,39.0,147,5482805,1,1
581,1902_28_TeamMC_TeamA1,147,39.0,147,5483255,2,2
582,1902_28_TeamMC_TeamA1,147,39.0,147,5484005,2,3
583,1902_28_TeamMC_TeamA1,147,39.0,147,5485355,6,2
584,1902_28_TeamMC_TeamA1,147,39.0,147,5485705,0,5
767,1902_28_TeamMC_TeamA1,197,50.0,197,7313755,1,1
768,1902_28_TeamMC_TeamA1,197,50.0,197,7314255,255,16
769,1902_28_TeamMC_TeamA1,197,50.0,197,7314305,2,9
770,1902_28_TeamMC_TeamA1,197,50.0,197,7316505,2,2
771,1902_28_TeamMC_TeamA1,197,50.0,197,7317455,2,3
772,1902_28_TeamMC_TeamA1,197,50.0,197,7318655,3,2
773,1902_28_TeamMC_TeamA1,197,50.0,197,7319155,0,5
411,1902_30_TeamMF_TeamA2,114,29.0,114,3607179,1,1
412,1902_30_TeamMF_TeamA2,114,29.0,114,3607729,2,2
413,1902_30_TeamMF_TeamA2,114,29.0,114,3608379,2,3
414,1902_30_TeamMF_TeamA2,114,29.0,114,3609679,6,2
415,1902_30_TeamMF_TeamA2,114,29.0,114,3609679,0,5
346,1902_31_TeamMF_TeamA2,101,26.0,101,2896046,1,1
347,1902_31_TeamMF_TeamA2,101,26.0,101,2896546,2,2
348,1902_31_TeamMF_TeamA2,101,26.0,101,2897096,2,3
349,1902_31_TeamMF_TeamA2,101,26.0,101,2898396,4,2
350,1902_31_TeamMF_TeamA2,101,26.0,101,2900396,0,5
876,1903_01_TeamNE_TeamA2,229,60.0,230,7415761,1,1
877,1903_01_TeamNE_TeamA2,229,60.0,230,7416289,2,2
878,1903_01_TeamNE_TeamA2,229,60.0,230,7416850,2,3
879,1903_01_TeamNE_TeamA2,229,60.0,230,7418071,255,16
880,1903_01_TeamNE_TeamA2,229,60.0,230,7418170,4,2
881,1903_01_TeamNE_TeamA2,229,60.0,230,7419457,0,5
1006,1903_01_TeamNE_TeamA2,259,68.0,260,8542844,1,1
1007,1903_01_TeamNE_TeamA2,259,68.0,260,8543405,2,2
1008,1903_01_TeamNE_TeamA2,259,68.0,260,8543966,2,3
1009,1903_01_TeamNE_TeamA2,259,68.0,260,8545286,4,2
1010,1903_01_TeamNE_TeamA2,259,68.0,260,8547068,0,5
1093,1903_01_TeamNE_TeamA2,284,73.0,285,9425100,1,1
1094,1903_01_TeamNE_TeamA2,284,73.0,285,9425595,2,2
1095,1903_01_TeamNE_TeamA2,284,73.0,285,9426222,2,3
1096,1903_01_TeamNE_TeamA2,284,73.0,285,9427509,4,2
1097,1903_01_TeamNE_TeamA2,284,73.0,285,9428730,0,5
1158,1903_01_TeamNE_TeamA2,301,77.0,302,10021773,1,1
1159,1903_01_TeamNE_TeamA2,301,77.0,302,10022268,2,2
1160,1903_01_TeamNE_TeamA2,301,77.0,302,10022862,2,3
1161,1903_01_TeamNE_TeamA2,301,77.0,302,10024149,6,2
1162,1903_01_TeamNE_TeamA2,301,77.0,302,10025568,0,5
1046,1903_03_TeamNE_TeamA2,275,74.0,276,9027378,1,1
1047,1903_03_TeamNE_TeamA2,275,74.0,276,9027878,2,2
1048,1903_03_TeamNE_TeamA2,275,74.0,276,9028528,2,3
1049,1903_03_TeamNE_TeamA2,275,74.0,276,9029728,255,16
1050,1903_03_TeamNE_TeamA2,275,74.0,276,9029778,6,9
1051,1903_03_TeamNE_TeamA2,275,74.0,276,9031128,255,16
1052,1903_03_TeamNE_TeamA2,275,74.0,276,9031928,255,16
1053,1903_03_TeamNE_TeamA2,275,74.0,276,9032278,8,2
1054,1903_03_TeamNE_TeamA2,275,74.0,276,9033328,0,5
289,1903_05_TeamND_TeamA2,78,19.0,78,2193412,1,1
290,1903_05_TeamND_TeamA2,78,19.0,78,2193862,2,2
291,1903_05_TeamND_TeamA2,78,19.0,78,2194662,2,3
292,1903_05_TeamND_TeamA2,78,19.0,78,2195762,255,16
293,1903_05_TeamND_TeamA2,78,19.0,78,2196312,255,16
294,1903_05_TeamND_TeamA2,78,19.0,78,2196962,255,16
295,1903_05_TeamND_TeamA2,78,19.0,78,2197462,255,16
296,1903_05_TeamND_TeamA2,78,19.0,78,2197862,255,16
297,1903_05_TeamND_TeamA2,78,19.0,78,2198462,8,2
298,1903_05_TeamND_TeamA2,78,19.0,78,2201112,8,3
299,1903_05_TeamND_TeamA2,78,19.0,78,2202262,4,2
300,1903_05_TeamND_TeamA2,78,19.0,78,2202412,0,5
410,1903_05_TeamND_TeamA2,114,26.0,114,3321962,1,1
411,1903_05_TeamND_TeamA2,114,26.0,114,3322462,2,2
412,1903_05_TeamND_TeamA2,114,26.0,114,3323062,2,3
413,1903_05_TeamND_TeamA2,114,26.0,114,3324362,6,2
414,1903_05_TeamND_TeamA2,114,26.0,114,3325712,0,5
50,1903_06_TeamND_TeamA2,15,4.0,15,299574,1,1
51,1903_06_TeamND_TeamA2,15,4.0,15,300074,2,2
52,1903_06_TeamND_TeamA2,15,4.0,15,300774,2,3
53,1903_06_TeamND_TeamA2,15,4.0,15,302024,4,2
54,1903_06_TeamND_TeamA2,15,4.0,15,302924,0,5
551,1903_06_TeamND_TeamA2,141,43.0,143,4567574,1,1
552,1903_06_TeamND_TeamA2,141,43.0,143,4568074,255,16
553,1903_06_TeamND_TeamA2,141,43.0,143,4568174,2,9
554,1903_06_TeamND_TeamA2,141,43.0,143,4568724,255,16
555,1903_06_TeamND_TeamA2,141,43.0,143,4569024,255,16
556,1903_06_TeamND_TeamA2,141,43.0,143,4569674,2,2
557,1903_06_TeamND_TeamA2,141,43.0,143,4570374,2,3
558,1903_06_TeamND_TeamA2,141,43.0,143,4571374,4,2
559,1903_06_TeamND_TeamA2,141,43.0,143,4571424,0,5
198,1903_07_TeamND_TeamA2,57,15.0,58,1585173,1,1
199,1903_07_TeamND_TeamA2,57,15.0,58,1585623,2,2
200,1903_07_TeamND_TeamA2,57,15.0,58,1586323,2,3
201,1903_07_TeamND_TeamA2,57,15.0,58,1587673,4,2
202,1903_07_TeamND_TeamA2,57,15.0,58,1588423,0,5
386,1903_07_TeamND_TeamA2,101,25.0,102,2932173,1,1
387,1903_07_TeamND_TeamA2,101,25.0,102,2932673,2,2
388,1903_07_TeamND_TeamA2,101,25.0,102,2933473,2,3
389,1903_07_TeamND_TeamA2,101,25.0,102,2934773,6,2
390,1903_07_TeamND_TeamA2,101,25.0,102,2935373,0,5
625,1903_07_TeamND_TeamA2,168,38.0,169,4944673,1,1
626,1903_07_TeamND_TeamA2,168,38.0,169,4945173,2,2
627,1903_07_TeamND_TeamA2,168,38.0,169,4945773,2,3
628,1903_07_TeamND_TeamA2,168,38.0,169,4947073,4,2
629,1903_07_TeamND_TeamA2,168,38.0,169,4948173,0,5
343,1903_08_TeamNJ_TeamB,91,24.0,92,3084817,1,1
344,1903_08_TeamNJ_TeamB,91,24.0,92,3085267,2,2
345,1903_08_TeamNJ_TeamB,91,24.0,92,3086117,2,3
346,1903_08_TeamNJ_TeamB,91,24.0,92,3087417,0,5
347,1903_08_TeamNJ_TeamB,91,24.0,92,3087417,6,2
293,1903_09_TeamNJ_TeamB,83,21.0,84,3030615,1,1
294,1903_09_TeamNJ_TeamB,83,21.0,84,3031065,2,2
295,1903_09_TeamNJ_TeamB,83,21.0,84,3031865,2,3
296,1903_09_TeamNJ_TeamB,83,21.0,84,3033115,6,2
297,1903_09_TeamNJ_TeamB,83,21.0,84,3034215,0,5
371,1903_09_TeamNJ_TeamB,104,25.0,105,3820265,1,1
372,1903_09_TeamNJ_TeamB,104,25.0,105,3820765,2,2
373,1903_09_TeamNJ_TeamB,104,25.0,105,3822465,2,3
374,1903_09_TeamNJ_TeamB,104,25.0,105,3823665,6,2
375,1903_09_TeamNJ_TeamB,104,25.0,105,3826265,6,3
376,1903_09_TeamNJ_TeamB,104,25.0,105,3826865,3,2
377,1903_09_TeamNJ_TeamB,104,25.0,105,3830615,0,5
415,1903_09_TeamNJ_TeamB,113,29.0,114,4155415,1,1
416,1903_09_TeamNJ_TeamB,113,29.0,114,4155915,2,2
417,1903_09_TeamNJ_TeamB,113,29.0,114,4156915,2,3
418,1903_09_TeamNJ_TeamB,113,29.0,114,4158215,6,2
419,1903_09_TeamNJ_TeamB,113,29.0,114,4160315,0,5
794,1903_09_TeamNJ_TeamB,209,57.0,212,8074765,1,1
795,1903_09_TeamNJ_TeamB,209,57.0,212,8075315,2,2
796,1903_09_TeamNJ_TeamB,209,57.0,212,8075965,2,3
797,1903_09_TeamNJ_TeamB,209,57.0,212,8077165,6,2
798,1903_09_TeamNJ_TeamB,209,57.0,212,8078565,0,5
195,1903_10_TeamNJ_TeamB,49,14.0,52,1674989,1,1
196,1903_10_TeamNJ_TeamB,49,14.0,52,1675589,2,2
197,1903_10_TeamNJ_TeamB,49,14.0,52,1676189,2,3
198,1903_10_TeamNJ_TeamB,49,14.0,52,1677389,255,16
199,1903_10_TeamNJ_TeamB,49,14.0,52,1677489,4,2
200,1903_10_TeamNJ_TeamB,49,14.0,52,1678139,0,5
461,1903_11_TeamNC_TeamA1,114,33.0,115,9262336,1,1
462,1903_11_TeamNC_TeamA1,114,33.0,115,9262786,2,2
463,1903_11_TeamNC_TeamA1,114,33.0,115,9263436,2,3
464,1903_11_TeamNC_TeamA1,114,33.0,115,9264486,255,16
465,1903_11_TeamNC_TeamA1,114,33.0,115,9265036,255,16
466,1903_11_TeamNC_TeamA1,114,33.0,115,9265436,255,16
467,1903_11_TeamNC_TeamA1,114,33.0,115,9265786,255,16
468,1903_11_TeamNC_TeamA1,114,33.0,115,9266136,255,16
469,1903_11_TeamNC_TeamA1,114,33.0,115,9266386,255,16
470,1903_11_TeamNC_TeamA1,114,33.0,115,9267736,8,2
471,1903_11_TeamNC_TeamA1,114,33.0,115,9269436,8,3
472,1903_11_TeamNC_TeamA1,114,33.0,115,9270786,4,2
473,1903_11_TeamNC_TeamA1,114,33.0,115,9272036,0,5
487,1903_11_TeamNC_TeamA1,117,34.0,118,9353186,1,1
488,1903_11_TeamNC_TeamA1,117,34.0,118,9353686,2,2
489,1903_11_TeamNC_TeamA1,117,34.0,118,9354386,2,3
490,1903_11_TeamNC_TeamA1,117,34.0,118,9355486,6,2
491,1903_11_TeamNC_TeamA1,117,34.0,118,9356286,0,5
675,1903_12_TeamNC_TeamA1,178,48.0,178,6280104,1,1
676,1903_12_TeamNC_TeamA1,178,48.0,178,6280604,2,2
677,1903_12_TeamNC_TeamA1,178,48.0,178,6281454,2,3
678,1903_12_TeamNC_TeamA1,178,48.0,178,6282754,4,2
679,1903_12_TeamNC_TeamA1,178,48.0,178,6284254,0,5
511,1903_13_TeamNG_TeamA3,150,38.0,150,4876184,1,1
512,1903_13_TeamNG_TeamA3,150,38.0,150,4876684,255,16
513,1903_13_TeamNG_TeamA3,150,38.0,150,4876884,2,9
514,1903_13_TeamNG_TeamA3,150,38.0,150,4878584,2,2
515,1903_13_TeamNG_TeamA3,150,38.0,150,4879134,2,3
516,1903_13_TeamNG_TeamA3,150,38.0,150,4880184,5,2
517,1903_13_TeamNG_TeamA3,150,38.0,150,4880634,0,5
737,1903_13_TeamNG_TeamA3,215,55.0,215,7246734,1,1
738,1903_13_TeamNG_TeamA3,215,55.0,215,7247184,2,2
739,1903_13_TeamNG_TeamA3,215,55.0,215,7247834,2,3
740,1903_13_TeamNG_TeamA3,215,55.0,215,7249034,6,2
741,1903_13_TeamNG_TeamA3,215,55.0,215,7250134,0,5
258,1903_14_TeamNG_TeamA3,69,20.0,69,2219051,1,1
259,1903_14_TeamNG_TeamA3,69,20.0,69,2219551,2,2
260,1903_14_TeamNG_TeamA3,69,20.0,69,2220201,2,3
261,1903_14_TeamNG_TeamA3,69,20.0,69,2221301,6,2
262,1903_14_TeamNG_TeamA3,69,20.0,69,2222001,6,3
263,1903_14_TeamNG_TeamA3,69,20.0,69,2222951,5,2
264,1903_14_TeamNG_TeamA3,69,20.0,69,2224351,0,5
515,1903_15_TeamNG_TeamA3,137,34.0,137,4462769,1,1
516,1903_15_TeamNG_TeamA3,137,34.0,137,4463269,2,2
517,1903_15_TeamNG_TeamA3,137,34.0,137,4463919,2,3
518,1903_15_TeamNG_TeamA3,137,34.0,137,4464769,255,16
519,1903_15_TeamNG_TeamA3,137,34.0,137,4464819,3,2
520,1903_15_TeamNG_TeamA3,137,34.0,137,4465719,0,5
521,1903_15_TeamNG_TeamA3,138,34.0,138,4503919,1,1
522,1903_15_TeamNG_TeamA3,138,34.0,138,4504369,255,16
523,1903_15_TeamNG_TeamA3,138,34.0,138,4504419,2,2
524,1903_15_TeamNG_TeamA3,138,34.0,138,4505119,2,3
525,1903_15_TeamNG_TeamA3,138,34.0,138,4506369,4,2
526,1903_15_TeamNG_TeamA3,138,34.0,138,4506869,0,5
873,1903_15_TeamNG_TeamA3,228,58.0,228,7391719,1,1
874,1903_15_TeamNG_TeamA3,228,58.0,228,7392169,255,16
875,1903_15_TeamNG_TeamA3,228,58.0,228,7392269,2,9
876,1903_15_TeamNG_TeamA3,228,58.0,228,7392669,255,16
877,1903_15_TeamNG_TeamA3,228,58.0,228,7393019,255,16
878,1903_15_TeamNG_TeamA3,228,58.0,228,7394419,2,2
879,1903_15_TeamNG_TeamA3,228,58.0,228,7395669,2,3
880,1903_15_TeamNG_TeamA3,228,58.0,228,7396569,3,2
881,1903_15_TeamNG_TeamA3,228,58.0,228,7396719,0,5
296,1903_16_TeamNI_TeamA3,74,23.0,75,2290918,1,1
297,1903_16_TeamNI_TeamA3,74,23.0,75,2291418,2,2
298,1903_16_TeamNI_TeamA3,74,23.0,75,2292068,2,3
299,1903_16_TeamNI_TeamA3,74,23.0,75,2292768,255,16
300,1903_16_TeamNI_TeamA3,74,23.0,75,2292918,3,2
301,1903_16_TeamNI_TeamA3,74,23.0,75,2293268,0,5
835,1903_16_TeamNI_TeamA3,212,58.0,213,6681718,1,1
836,1903_16_TeamNI_TeamA3,212,58.0,213,6682168,2,2
837,1903_16_TeamNI_TeamA3,212,58.0,213,6682818,2,3
838,1903_16_TeamNI_TeamA3,212,58.0,213,6684018,4,2
839,1903_16_TeamNI_TeamA3,212,58.0,213,6684468,0,5
70,1903_18_TeamNI_TeamA3,15,5.0,15,360116,1,1
71,1903_18_TeamNI_TeamA3,15,5.0,15,360666,10,9
72,1903_18_TeamNI_TeamA3,15,5.0,15,361316,255,16
73,1903_18_TeamNI_TeamA3,15,5.0,15,361666,255,16
74,1903_18_TeamNI_TeamA3,15,5.0,15,362716,2,2
75,1903_18_TeamNI_TeamA3,15,5.0,15,363266,2,3
76,1903_18_TeamNI_TeamA3,15,5.0,15,363966,5,2
77,1903_18_TeamNI_TeamA3,15,5.0,15,364666,0,5
113,1903_19_TeamNL_TeamB,25,8.0,26,775251,1,1
114,1903_19_TeamNL_TeamB,25,8.0,26,775751,2,2
115,1903_19_TeamNL_TeamB,25,8.0,26,777151,2,3
116,1903_19_TeamNL_TeamB,25,8.0,26,778451,6,2
117,1903_19_TeamNL_TeamB,25,8.0,26,779351,0,5
562,1903_20_TeamNL_TeamB,149,40.0,149,4946716,1,1
563,1903_20_TeamNL_TeamB,149,40.0,149,4947266,2,9
564,1903_20_TeamNL_TeamB,149,40.0,149,4949016,2,2
565,1903_20_TeamNL_TeamB,149,40.0,149,4949516,2,3
566,1903_20_TeamNL_TeamB,149,40.0,149,4950616,255,16
567,1903_20_TeamNL_TeamB,149,40.0,149,4951166,4,2
568,1903_20_TeamNL_TeamB,149,40.0,149,4952516,0,5
897,1903_20_TeamNL_TeamB,232,61.0,234,7918816,1,1
898,1903_20_TeamNL_TeamB,232,61.0,234,7919316,2,2
899,1903_20_TeamNL_TeamB,232,61.0,234,7920366,2,3
900,1903_20_TeamNL_TeamB,232,61.0,234,7921666,6,2
901,1903_20_TeamNL_TeamB,232,61.0,234,7924016,0,5
263,1903_22_TeamNA_TeamA1,64,16.0,64,1682863,1,1
264,1903_22_TeamNA_TeamA1,64,16.0,64,1683363,2,2
265,1903_22_TeamNA_TeamA1,64,16.0,64,1684013,2,3
266,1903_22_TeamNA_TeamA1,64,16.0,64,1685363,4,2
267,1903_22_TeamNA_TeamA1,64,16.0,64,1686263,0,5
550,1903_22_TeamNA_TeamA1,139,37.0,140,3937613,1,1
551,1903_22_TeamNA_TeamA1,139,37.0,140,3938063,2,2
552,1903_22_TeamNA_TeamA1,139,37.0,140,3938713,2,3
553,1903_22_TeamNA_TeamA1,139,37.0,140,3939913,4,2
554,1903_22_TeamNA_TeamA1,139,37.0,140,3940313,0,5
648,1903_22_TeamNA_TeamA1,162,45.0,163,4762713,1,1
649,1903_22_TeamNA_TeamA1,162,45.0,163,4763163,2,2
650,1903_22_TeamNA_TeamA1,162,45.0,163,4763913,2,3
651,1903_22_TeamNA_TeamA1,162,45.0,163,4764663,255,16
652,1903_22_TeamNA_TeamA1,162,45.0,163,4764813,3,2
653,1903_22_TeamNA_TeamA1,162,45.0,163,4765113,0,5
663,1903_22_TeamNA_TeamA1,166,45.0,167,4847413,1,1
664,1903_22_TeamNA_TeamA1,166,45.0,167,4847913,2,9
665,1903_22_TeamNA_TeamA1,166,45.0,167,4848313,255,16
666,1903_22_TeamNA_TeamA1,166,45.0,167,4848913,2,2
667,1903_22_TeamNA_TeamA1,166,45.0,167,4849613,2,3
668,1903_22_TeamNA_TeamA1,166,45.0,167,4850963,255,16
669,1903_22_TeamNA_TeamA1,166,45.0,167,4851713,255,16
670,1903_22_TeamNA_TeamA1,166,45.0,167,4852263,255,16
671,1903_22_TeamNA_TeamA1,166,45.0,167,4852713,255,16
672,1903_22_TeamNA_TeamA1,166,45.0,167,4853763,8,2
673,1903_22_TeamNA_TeamA1,166,45.0,167,4854813,8,3
674,1903_22_TeamNA_TeamA1,166,45.0,167,4856563,255,16
675,1903_22_TeamNA_TeamA1,166,45.0,167,4856663,5,2
676,1903_22_TeamNA_TeamA1,166,45.0,167,4859313,0,5
737,1903_22_TeamNA_TeamA1,187,49.0,188,5630063,1,1
738,1903_22_TeamNA_TeamA1,187,49.0,188,5630613,2,2
739,1903_22_TeamNA_TeamA1,187,49.0,188,5632563,2,3
740,1903_22_TeamNA_TeamA1,187,49.0,188,5633763,4,2
741,1903_22_TeamNA_TeamA1,187,49.0,188,5634663,0,5
794,1903_22_TeamNA_TeamA1,205,53.0,206,6304363,1,1
795,1903_22_TeamNA_TeamA1,205,53.0,206,6304913,2,9
796,1903_22_TeamNA_TeamA1,205,53.0,206,6305463,255,16
797,1903_22_TeamNA_TeamA1,205,53.0,206,6306963,2,2
798,1903_22_TeamNA_TeamA1,205,53.0,206,6308413,2,3
799,1903_22_TeamNA_TeamA1,205,53.0,206,6309613,3,2
800,1903_22_TeamNA_TeamA1,205,53.0,206,6309813,0,5
954,1903_22_TeamNA_TeamA1,248,64.0,249,7716413,1,1
955,1903_22_TeamNA_TeamA1,248,64.0,249,7716863,2,2
956,1903_22_TeamNA_TeamA1,248,64.0,249,7717513,2,3
957,1903_22_TeamNA_TeamA1,248,64.0,249,7719363,255,16
958,1903_22_TeamNA_TeamA1,248,64.0,249,7720313,255,16
959,1903_22_TeamNA_TeamA1,248,64.0,249,7720913,255,16
960,1903_22_TeamNA_TeamA1,248,64.0,249,7721513,8,2
961,1903_22_TeamNA_TeamA1,248,64.0,249,7722463,8,3
962,1903_22_TeamNA_TeamA1,248,64.0,249,7724063,5,2
963,1903_22_TeamNA_TeamA1,248,64.0,249,7724663,0,5
519,1903_23_TeamNA_TeamA1,137,37.0,141,4332094,1,1
520,1903_23_TeamNA_TeamA1,137,37.0,141,4332644,2,2
521,1903_23_TeamNA_TeamA1,137,37.0,141,4333394,2,3
522,1903_23_TeamNA_TeamA1,137,37.0,141,4334644,4,2
523,1903_23_TeamNA_TeamA1,137,37.0,141,4335194,0,5
560,1903_23_TeamNA_TeamA1,148,38.0,152,4607494,1,1
561,1903_23_TeamNA_TeamA1,148,38.0,152,4607944,2,2
562,1903_23_TeamNA_TeamA1,148,38.0,152,4608744,2,3
563,1903_23_TeamNA_TeamA1,148,38.0,152,4609844,255,16
564,1903_23_TeamNA_TeamA1,148,38.0,152,4610144,4,9
565,1903_23_TeamNA_TeamA1,148,38.0,152,4610644,255,16
566,1903_23_TeamNA_TeamA1,148,38.0,152,4611044,255,16
567,1903_23_TeamNA_TeamA1,148,38.0,152,4611544,0,5
954,1903_25_TeamNH_TeamA3,248,69.0,249,8949261,1,1
955,1903_25_TeamNH_TeamA3,248,69.0,249,8949761,2,2
956,1903_25_TeamNH_TeamA3,248,69.0,249,8951561,2,3
957,1903_25_TeamNH_TeamA3,248,69.0,249,8952761,6,2
958,1903_25_TeamNH_TeamA3,248,69.0,249,8953661,0,5
173,1903_25_TeamNK_TeamB,42,14.0,42,1473065,1,1
174,1903_25_TeamNK_TeamB,42,14.0,42,1473565,2,2
175,1903_25_TeamNK_TeamB,42,14.0,42,1474265,2,3
176,1903_25_TeamNK_TeamB,42,14.0,42,1475415,255,16
177,1903_25_TeamNK_TeamB,42,14.0,42,1475465,4,2
178,1903_25_TeamNK_TeamB,42,14.0,42,1477015,0,5
255,1903_25_TeamNK_TeamB,60,19.0,62,2167165,1,1
256,1903_25_TeamNK_TeamB,60,19.0,62,2167665,2,2
257,1903_25_TeamNK_TeamB,60,19.0,62,2168365,2,3
258,1903_25_TeamNK_TeamB,60,19.0,62,2169765,6,2
259,1903_25_TeamNK_TeamB,60,19.0,62,2169915,6,3
260,1903_25_TeamNK_TeamB,60,19.0,62,2169965,11,9
261,1903_25_TeamNK_TeamB,60,19.0,62,2170865,255,16
262,1903_25_TeamNK_TeamB,60,19.0,62,2172015,6,2
263,1903_25_TeamNK_TeamB,60,19.0,62,2173665,0,5
457,1903_25_TeamNK_TeamB,114,36.0,119,4184565,1,1
458,1903_25_TeamNK_TeamB,114,36.0,119,4185015,2,2
459,1903_25_TeamNK_TeamB,114,36.0,119,4185715,2,3
460,1903_25_TeamNK_TeamB,114,36.0,119,4186815,255,16
461,1903_25_TeamNK_TeamB,114,36.0,119,4187165,255,16
462,1903_25_TeamNK_TeamB,114,36.0,119,4187365,255,16
463,1903_25_TeamNK_TeamB,114,36.0,119,4188265,255,16
464,1903_25_TeamNK_TeamB,114,36.0,119,4188565,255,16
465,1903_25_TeamNK_TeamB,114,36.0,119,4188815,255,16
466,1903_25_TeamNK_TeamB,114,36.0,119,4189365,8,2
467,1903_25_TeamNK_TeamB,114,36.0,119,4191065,8,3
468,1903_25_TeamNK_TeamB,114,36.0,119,4192815,6,2
469,1903_25_TeamNK_TeamB,114,36.0,119,4193665,0,5
63,1903_29_TeamNF_TeamA2,20,4.0,20,490954,1,1
64,1903_29_TeamNF_TeamA2,20,4.0,20,491454,2,2
65,1903_29_TeamNF_TeamA2,20,4.0,20,492104,2,3
66,1903_29_TeamNF_TeamA2,20,4.0,20,493204,255,16
67,1903_29_TeamNF_TeamA2,20,4.0,20,493604,4,2
68,1903_29_TeamNF_TeamA2,20,4.0,20,494454,0,5
104,1903_29_TeamNF_TeamA2,29,6.0,29,880104,1,1
105,1903_29_TeamNF_TeamA2,29,6.0,29,880554,2,2
106,1903_29_TeamNF_TeamA2,29,6.0,29,881304,2,3
107,1903_29_TeamNF_TeamA2,29,6.0,29,882504,6,2
108,1903_29_TeamNF_TeamA2,29,6.0,29,882854,0,5
296,1903_29_TeamNF_TeamA2,79,20.0,79,2590829,1,1
297,1903_29_TeamNF_TeamA2,79,20.0,79,2591379,2,2
298,1903_29_TeamNF_TeamA2,79,20.0,79,2592129,2,3
299,1903_29_TeamNF_TeamA2,79,20.0,79,2593429,6,2
300,1903_29_TeamNF_TeamA2,79,20.0,79,2594279,0,5
454,1903_29_TeamNF_TeamA2,122,30.0,122,4122171,1,1
455,1903_29_TeamNF_TeamA2,122,30.0,122,4122621,2,2
456,1903_29_TeamNF_TeamA2,122,30.0,122,4123221,2,3
457,1903_29_TeamNF_TeamA2,122,30.0,122,4124521,6,2
458,1903_29_TeamNF_TeamA2,122,30.0,122,4125771,0,5
589,1903_29_TeamNF_TeamA2,159,37.0,159,5162321,1,1
590,1903_29_TeamNF_TeamA2,159,37.0,159,5162771,2,2
591,1903_29_TeamNF_TeamA2,159,37.0,159,5163421,2,3
592,1903_29_TeamNF_TeamA2,159,37.0,159,5164571,4,2
593,1903_29_TeamNF_TeamA2,159,37.0,159,5166371,0,5
753,1903_30_TeamNB_TeamA1,179,58.0,187,6000571,1,1
754,1903_30_TeamNB_TeamA1,179,58.0,187,6001071,2,2
755,1903_30_TeamNB_TeamA1,179,58.0,187,6001721,2,3
756,1903_30_TeamNB_TeamA1,179,58.0,187,6002971,4,2
757,1903_30_TeamNB_TeamA1,179,58.0,187,6003621,0,5
813,1903_30_TeamNB_TeamA1,198,63.0,206,6962698,1,1
814,1903_30_TeamNB_TeamA1,198,63.0,206,6963198,255,16
815,1903_30_TeamNB_TeamA1,198,63.0,206,6963248,2,9
816,1903_30_TeamNB_TeamA1,198,63.0,206,6964898,2,2
817,1903_30_TeamNB_TeamA1,198,63.0,206,6966298,2,3
818,1903_30_TeamNB_TeamA1,198,63.0,206,6967098,3,2
819,1903_30_TeamNB_TeamA1,198,63.0,206,6967298,0,5
283,1903_30_TeamNF_TeamA2,77,19.0,77,2209197,1,1
284,1903_30_TeamNF_TeamA2,77,19.0,77,2209697,2,2
285,1903_30_TeamNF_TeamA2,77,19.0,77,2210347,2,3
286,1903_30_TeamNF_TeamA2,77,19.0,77,2211547,4,2
287,1903_30_TeamNF_TeamA2,77,19.0,77,2212897,0,5
365,1903_30_TeamNF_TeamA2,96,23.0,96,2769797,1,1
366,1903_30_TeamNF_TeamA2,96,23.0,96,2770297,2,2
367,1903_30_TeamNF_TeamA2,96,23.0,96,2770947,2,3
368,1903_30_TeamNF_TeamA2,96,23.0,96,2772147,4,2
369,1903_30_TeamNF_TeamA2,96,23.0,96,2773647,0,5
741,1903_30_TeamNF_TeamA2,195,49.0,195,6083297,1,1
742,1903_30_TeamNF_TeamA2,195,49.0,195,6083797,2,2
743,1903_30_TeamNF_TeamA2,195,49.0,195,6084447,2,3
744,1903_30_TeamNF_TeamA2,195,49.0,195,6085647,6,2
745,1903_30_TeamNF_TeamA2,195,49.0,195,6087397,0,5
109,1903_31_TeamNB_TeamA1,25,8.0,25,823292,1,1
110,1903_31_TeamNB_TeamA1,25,8.0,25,823792,2,2
111,1903_31_TeamNB_TeamA1,25,8.0,25,824592,2,3
112,1903_31_TeamNB_TeamA1,25,8.0,25,825792,6,2
113,1903_31_TeamNB_TeamA1,25,8.0,25,826642,0,5
288,1903_32_TeamNB_TeamA1,69,24.0,71,2001738,1,1
289,1903_32_TeamNB_TeamA1,69,24.0,71,2002238,2,2
290,1903_32_TeamNB_TeamA1,69,24.0,71,2002988,2,3
291,1903_32_TeamNB_TeamA1,69,24.0,71,2003788,255,16
292,1903_32_TeamNB_TeamA1,69,24.0,71,2003988,3,2
293,1903_32_TeamNB_TeamA1,69,24.0,71,2004038,0,5
